{
    "1045": {
        "num_target_links": 1,
        "partnet_mobility_id": 1045,
        "scale": 0.4628048855740632
    },
    "1067": {
        "num_target_links": 1,
        "partnet_mobility_id": 1067,
        "scale": 0.43200756383528915
    }
}