{"min": [-0.392564, -0.867549, -0.41788], "max": [0.385788, 0.859491, 0.436799]}